{
  "HTTP Request-1" : {
    "transaction" : "HTTP Request-1",
    "sampleCount" : 2,
    "errorCount" : 0,
    "errorPct" : 0.0,
    "meanResTime" : 1087.0,
    "medianResTime" : 1087.0,
    "minResTime" : 532.0,
    "maxResTime" : 1642.0,
    "pct1ResTime" : 1642.0,
    "pct2ResTime" : 1642.0,
    "pct3ResTime" : 1642.0,
    "throughput" : 0.38058991436726924,
    "receivedKBytesPerSec" : 24.132894267364414,
    "sentKBytesPerSec" : 0.05166210751665081
  },
  "Total" : {
    "transaction" : "Total",
    "sampleCount" : 6,
    "errorCount" : 0,
    "errorPct" : 0.0,
    "meanResTime" : 876.8333333333333,
    "medianResTime" : 644.5,
    "minResTime" : 223.0,
    "maxResTime" : 1877.0,
    "pct1ResTime" : 1877.0,
    "pct2ResTime" : 1877.0,
    "pct3ResTime" : 1877.0,
    "throughput" : 1.092896174863388,
    "receivedKBytesPerSec" : 47.029400045537336,
    "sentKBytesPerSec" : 0.19495673952641165
  },
  "HTTP Request-0" : {
    "transaction" : "HTTP Request-0",
    "sampleCount" : 2,
    "errorCount" : 0,
    "errorPct" : 0.0,
    "meanResTime" : 226.5,
    "medianResTime" : 226.5,
    "minResTime" : 223.0,
    "maxResTime" : 230.0,
    "pct1ResTime" : 230.0,
    "pct2ResTime" : 230.0,
    "pct3ResTime" : 230.0,
    "throughput" : 0.4035512510088781,
    "receivedKBytesPerSec" : 0.45951245964487486,
    "sentKBytesPerSec" : 0.053202557506053266
  },
  "HTTP Request" : {
    "transaction" : "HTTP Request",
    "sampleCount" : 2,
    "errorCount" : 0,
    "errorPct" : 0.0,
    "meanResTime" : 1317.0,
    "medianResTime" : 1317.0,
    "minResTime" : 757.0,
    "maxResTime" : 1877.0,
    "pct1ResTime" : 1877.0,
    "pct2ResTime" : 1877.0,
    "pct3ResTime" : 1877.0,
    "throughput" : 0.36429872495446264,
    "receivedKBytesPerSec" : 23.514700022768668,
    "sentKBytesPerSec" : 0.09747836976320583
  }
}